,precision,recall,f1-score,support
0,0.8727272727272727,0.6697674418604651,0.7578947368421051,215.0
1,0.3425925925925926,0.6379310344827587,0.44578313253012053,58.0
accuracy,0.663003663003663,0.663003663003663,0.663003663003663,0.663003663003663
macro avg,0.6076599326599327,0.6538492381716119,0.6018389346861128,273.0
weighted avg,0.7600979267645934,0.663003663003663,0.6915853117501816,273.0
