,precision,recall,f1-score,support
0,0.8588957055214724,0.6511627906976745,0.7407407407407407,215.0
1,0.3181818181818182,0.603448275862069,0.4166666666666667,58.0
accuracy,0.6410256410256411,0.6410256410256411,0.6410256410256411,0.6410256410256411
macro avg,0.5885387618516453,0.6273055332798717,0.5787037037037037,273.0
weighted avg,0.7440187624236705,0.6410256410256411,0.6718898385565051,273.0
