,precision,recall,f1-score,support
0,0.845679012345679,0.6372093023255814,0.7267904509283819,215.0
1,0.2972972972972973,0.5689655172413793,0.3905325443786983,58.0
accuracy,0.6227106227106227,0.6227106227106227,0.6227106227106227,0.6227106227106227
macro avg,0.5714881548214882,0.6030874097834804,0.5586614976535401,273.0
weighted avg,0.7291730069507848,0.6227106227106227,0.6553510422108666,273.0
