,precision,recall,f1-score,support
0,0.85625,0.6372093023255814,0.7306666666666666,215.0
1,0.30973451327433627,0.603448275862069,0.40935672514619875,58.0
accuracy,0.63003663003663,0.63003663003663,0.63003663003663,0.63003663003663
macro avg,0.5829922566371681,0.6203287890938252,0.5700116959064326,273.0
weighted avg,0.7401404826736685,0.63003663003663,0.6624030160872265,273.0
