,precision,recall,f1-score,support
0,0.8441558441558441,0.6046511627906976,0.7046070460704607,215.0
1,0.2857142857142857,0.5862068965517241,0.384180790960452,58.0
accuracy,0.6007326007326007,0.6007326007326007,0.6007326007326007,0.6007326007326007
macro avg,0.5649350649350648,0.5954290296712108,0.5443939185154563,273.0
weighted avg,0.7255125826554398,0.6007326007326007,0.6365311383914112,273.0
