,precision,recall,f1-score,support
0,0.86875,0.6465116279069767,0.7413333333333333,215.0
1,0.3274336283185841,0.6379310344827587,0.43274853801169594,58.0
accuracy,0.6446886446886447,0.6446886446886447,0.6446886446886447,0.6446886446886447
macro avg,0.598091814159292,0.6422213311948677,0.5870409356725146,273.0
weighted avg,0.753745056565853,0.6446886446886447,0.6757731936679304,273.0
