,precision,recall,f1-score,support
0,0.8414634146341463,0.641860465116279,0.7282321899736147,215.0
1,0.29357798165137616,0.5517241379310345,0.3832335329341317,58.0
accuracy,0.6227106227106227,0.6227106227106227,0.6227106227106227,0.6227106227106227
macro avg,0.5675206981427612,0.5967923015236567,0.5557328614538732,273.0
weighted avg,0.7250628464546567,0.6227106227106227,0.6549357719945303,273.0
